,UserId
8,259476
32,260106
37,260274
49,260589
60,260904
69,261093
120,262500
125,262647
133,262836
141,263004
205,264663
218,264999
256,265944
307,267246
311,267351
316,267456
326,267792
329,267876
343,268401
351,268611
362,269094
370,269283
375,269409
399,270123
407,270333
411,270459
422,270837
425,271026
428,271152
429,271173
470,272391
472,272496
474,272580
481,272769
486,272895
503,273357
507,273546
532,274302
554,274953
558,275058
562,275184
565,275268
594,276087
598,276213
606,276465
625,276969
631,277179
668,278313
699,279258
718,279741
724,279888
725,279909
732,280140
737,280287
778,281568
796,282114
805,282450
813,282681
835,283269
838,283353
843,283479
853,283689
936,286251
947,286545
964,287049
991,287952
1002,288246
1015,288603
1030,289002
1031,289023
1052,289842
1067,290199
1091,290976
1108,291417
1121,291732
1135,292278
1155,292761
1156,292866
1183,293664
1185,293706
1187,293769
1195,294000
1196,294021
1199,294105
1204,294294
1228,294966
1235,295113
1241,295260
1242,295302
1253,295659
1276,296331
1284,296646
1291,296835
1307,297276
1314,297444
1362,298935
1397,300027
1406,300258
1409,300321
1412,300426
1417,300594
1453,301644
1475,302421
1476,302463
1486,302694
1494,302883
1495,302904
1501,303114
1524,303723
1564,304773
1569,304920
1570,304962
1601,305697
1633,306936
1653,307482
1654,307503
1681,308280
1683,308322
1685,308427
1732,309792
1743,310044
1751,310296
1757,310485
1773,310926
1811,312165
1825,312585
1840,312984
1846,313152
1889,314475
1895,314727
1898,314937
1922,315630
1945,316197
1957,316470
1967,316827
1973,316953
1979,317100
1980,317121
1994,317457
2001,317625
2027,318318
2042,318801
2045,318885
2048,318969
2054,319179
2057,319284
2093,320187
2112,320670
2141,321573
2160,322161
2166,322287
2176,322581
2185,322854
2203,323400
2216,323799
2219,323883
2220,323904
2262,325122
2266,325248
2272,325437
2278,325605
2323,326802
2326,326907
2342,327327
2352,327642
2353,327663
2365,327999
2367,328041
2397,328881
2408,329175
2419,329511
2457,330624
2475,331233
2490,331653
2497,331863
2509,332115
2570,333963
2596,334845
2597,334887
2612,335391
2613,335433
2619,335580
2623,335685
2668,337050
2683,337533
2686,337659
2689,337743
2705,338205
2707,338247
2709,338289
2711,338352
2718,338520
2720,338562
2728,338793
2752,339423
2760,339654
2765,339780
2775,340011
2787,340389
2796,340578
2820,341313
2822,341376
2842,342027
2863,342783
2907,343980
2913,344169
2916,344274
2925,344505
2946,345072
2986,346248
3010,347025
3021,347445
3025,347571
3035,347823
3038,347907
3046,348222
3058,348537
3096,349692
3102,349839
3103,349860
3110,350112
3116,350301
3117,350322
3121,350469
3123,350532
3128,350721
3134,350931
3138,351015
3166,351771
3174,351981
3237,353619
3240,353703
3290,355257
3331,356496
3345,356937
3357,357357
3362,357525
3367,357693
3389,358260
3401,358638
3433,359583
3450,360192
3465,360612
3480,361053
3490,361452
3528,362502
3556,363552
3569,364014
3611,365169
3637,365988
3646,366240
3657,366597
3664,366744
3695,367752
3696,367773
3705,367983
3722,368529
3730,368760
3742,369138
3749,369348
3787,370440
3798,370713
3802,370818
3807,370986
3810,371049
3815,371154
3818,371217
3842,371847
3869,372624
3898,373548
3909,373905
3911,373989
3918,374304
3987,376299
3990,376383
3991,376404
3996,376530
4002,376677
4008,376971
4019,377286
4030,377538
4048,378168
4080,379218
4092,379533
4103,379932
4104,379953
4105,379974
4136,380919
4139,381024
4142,381087
4154,381465
4161,381633
4162,381654
4180,382158
4194,382578
4217,383166
4234,383733
