,UserId,Segment_Number
0,259266,35
1,259287,16
2,259308,12
3,259329,18
4,259350,24
5,259392,24
6,259413,2
7,259434,30
8,259455,2
9,259476,26
10,259497,32
11,259518,1
12,259539,7
13,259560,1
14,259581,3
15,259602,3
16,259623,36
17,259644,3
18,259665,7
19,259707,9
20,259770,7
21,259791,32
22,259812,9
23,259833,1
24,259854,1
25,259875,12
26,259917,32
27,259938,32
28,259959,3
29,259980,3
30,260001,24
31,260043,3
32,260064,32
33,260106,0
34,260148,0
35,260190,3
36,260211,7
37,260253,0
38,260274,9
39,260295,3
40,260337,3
41,260358,32
42,260379,3
43,260421,3
44,260442,3
45,260463,9
46,260505,12
47,260526,9
48,260547,3
49,260568,3
50,260589,32
51,260610,32
52,260652,9
53,260673,13
54,260694,1
55,260715,0
56,260757,30
57,260778,32
58,260820,7
59,260841,30
60,260862,32
61,260883,3
62,260904,0
63,260925,26
64,260946,14
65,260967,14
66,260988,12
67,261009,9
68,261030,24
69,261051,3
70,261072,24
71,261093,24
72,261114,0
73,261135,9
74,261156,24
75,261177,13
76,261198,24
77,261261,13
78,261282,30
79,261324,24
80,261345,30
81,261366,27
82,261387,3
83,261408,30
84,261429,3
85,261450,30
86,261471,32
87,261492,32
88,261513,1
89,261534,30
90,261555,30
91,261576,32
92,261597,32
93,261618,32
94,261681,32
95,261702,30
96,261723,3
97,261744,3
98,261765,3
99,261828,14
100,261891,14
101,261912,14
102,261933,14
103,261954,14
104,261975,14
105,261996,14
106,262017,14
107,262038,15
108,262059,14
109,262080,14
110,262101,14
111,262143,31
112,262164,30
113,262248,13
114,262269,13
115,262290,13
116,262311,13
117,262332,14
118,262353,13
119,262374,13
120,262437,14
121,262458,14
122,262500,14
123,262521,14
124,262542,30
125,262584,14
126,262626,13
127,262647,30
128,262668,13
129,262689,13
130,262710,30
131,262752,17
132,262773,13
133,262794,18
134,262815,18
135,262836,14
136,262857,14
137,262878,14
138,262899,14
139,262920,14
140,262941,14
141,262962,14
142,262983,13
143,263004,14
144,263046,14
145,263067,14
146,263088,14
147,263130,14
148,263151,14
149,263172,13
150,263214,14
151,263235,13
152,263256,13
153,263298,30
154,263319,30
155,263340,30
156,263361,30
157,263424,30
158,263445,30
159,263466,30
160,263487,30
161,263508,30
162,263550,30
163,263571,30
164,263592,18
165,263613,13
166,263676,30
167,263697,30
168,263718,33
169,263739,14
170,263760,14
171,263781,14
172,263802,13
173,263844,13
174,263865,28
175,263886,14
176,263907,13
177,263949,14
178,263991,13
179,264012,14
180,264033,13
181,264054,13
182,264096,25
183,264117,13
184,264138,18
185,264159,13
186,264180,14
187,264201,14
188,264222,12
189,264243,13
190,264264,18
191,264285,14
192,264306,18
193,264327,12
194,264348,12
195,264369,13
196,264390,14
197,264411,18
198,264432,14
199,264453,13
200,264474,18
201,264516,30
202,264537,30
203,264558,13
204,264579,13
205,264600,14
206,264621,14
207,264642,13
208,264663,14
209,264684,13
210,264747,33
211,264789,14
212,264810,18
213,264831,18
214,264852,14
215,264873,14
216,264894,14
217,264915,13
218,264936,13
219,264957,13
220,264978,18
221,264999,14
222,265020,13
223,265041,14
224,265062,14
225,265083,14
226,265104,13
227,265125,14
228,265146,14
229,265167,14
230,265188,14
231,265230,12
232,265251,12
233,265293,14
234,265335,14
235,265377,13
236,265398,31
237,265419,31
238,265440,13
239,265461,31
240,265482,14
241,265503,13
242,265524,14
243,265545,14
244,265566,33
245,265587,14
246,265608,14
247,265629,14
248,265650,13
249,265671,13
250,265692,13
251,265713,17
252,265734,14
253,265776,13
254,265797,13
255,265818,14
256,265839,13
257,265860,13
258,265902,14
259,265944,12
260,265965,14
261,266007,12
262,266028,14
263,266049,13
264,266070,13
265,266112,13
266,266133,14
267,266154,13
268,266196,31
269,266238,13
270,266259,13
271,266280,13
272,266301,13
273,266322,13
274,266343,13
275,266364,13
276,266385,13
277,266406,13
278,266448,17
279,266469,13
280,266490,13
281,266511,13
282,266553,14
283,266574,13
284,266595,13
285,266637,31
286,266700,13
287,266721,14
288,266742,14
289,266763,14
290,266784,12
291,266805,14
292,266847,13
293,266868,14
294,266889,14
295,266910,14
296,266952,14
297,266973,14
298,266994,13
299,267015,31
300,267036,13
301,267057,15
302,267078,13
303,267099,13
304,267120,14
305,267141,13
306,267162,13
307,267183,13
308,267204,13
309,267225,18
310,267246,13
311,267267,13
312,267288,13
313,267309,13
314,267351,13
315,267372,13
316,267393,33
317,267414,13
318,267435,13
319,267456,13
320,267498,14
321,267519,34
322,267540,13
323,267603,36
324,267624,29
325,267687,35
326,267708,35
327,267729,35
328,267750,25
329,267792,24
330,267813,19
331,267834,19
332,267855,19
333,267876,19
334,267897,26
335,267918,26
336,267939,23
337,268002,26
338,268023,19
339,268044,20
340,268086,26
341,268149,4
342,268170,19
343,268212,26
344,268275,23
345,268338,23
346,268359,25
347,268401,8
348,268422,26
349,268443,26
350,268464,26
351,268485,26
352,268527,23
353,268569,23
354,268590,23
355,268611,23
356,268632,26
357,268653,26
358,268674,26
359,268695,26
360,268737,26
361,268758,19
362,268842,23
363,268968,26
364,268989,26
365,269031,26
366,269052,19
367,269094,25
368,269115,25
369,269136,25
370,269157,1
371,269178,1
372,269220,35
373,269241,35
374,269262,35
375,269283,35
376,269304,35
377,269346,35
378,269367,35
379,269388,35
380,269409,35
381,269430,35
382,269451,35
383,269472,35
384,269493,35
385,269514,35
386,269556,35
387,269577,35
388,269598,35
389,269619,35
390,269640,35
391,269661,35
392,269682,35
393,269703,35
394,269724,35
395,269745,35
396,269787,35
397,269829,35
398,269871,35
399,269892,35
400,269913,35
401,269934,35
402,269955,35
403,269976,35
404,269997,35
405,270123,35
406,270144,35
407,270165,1
408,270186,3
409,270207,35
410,270228,35
411,270291,35
412,270312,35
413,270333,35
414,270375,35
415,270396,3
416,270417,35
417,270438,35
418,270459,35
419,270501,35
420,270522,35
421,270543,35
422,270564,35
423,270585,35
424,270606,35
425,270648,35
426,270690,35
427,270711,35
428,270753,35
429,270795,35
430,270837,35
431,270921,35
432,270942,35
433,270984,35
434,271026,35
435,271068,35
436,271089,35
437,271110,35
438,271152,35
439,271173,35
440,271215,35
441,271236,35
442,271257,35
443,271299,35
444,271320,35
445,271341,35
446,271362,35
447,271383,35
448,271404,35
449,271425,35
450,271488,35
451,271509,35
452,271530,35
453,271551,35
454,271593,35
455,271635,35
456,271656,35
457,271677,35
458,271698,35
459,271719,35
460,271740,35
461,271782,35
462,271824,35
463,271845,35
464,271887,35
465,271908,35
466,271929,35
467,271950,35
468,271971,35
469,271992,35
470,272013,35
471,272055,35
472,272076,35
473,272097,35
474,272202,35
475,272223,35
476,272265,35
477,272286,35
478,272307,35
479,272328,35
480,272370,35
481,272391,35
482,272454,35
483,272496,35
484,272517,35
485,272580,35
486,272601,35
487,272622,35
488,272664,35
489,272685,35
490,272727,35
491,272748,35
492,272769,35
493,272790,35
494,272811,35
495,272853,35
496,272874,35
497,272895,35
498,272937,35
499,272979,35
500,273000,35
501,273021,35
502,273042,35
503,273063,35
504,273084,35
505,273105,35
506,273126,35
507,273168,35
508,273231,35
509,273252,35
510,273273,35
511,273294,35
512,273315,35
513,273336,35
514,273357,35
515,273378,35
516,273441,35
517,273483,35
518,273546,35
519,273567,35
520,273588,35
521,273609,35
522,273630,35
523,273672,35
524,273693,35
525,273714,35
526,273735,35
527,273777,35
528,273798,35
529,273840,35
530,273903,35
531,273924,35
532,273945,35
533,273966,35
534,273987,35
535,274008,35
536,274029,35
537,274050,35
538,274092,35
539,274155,35
540,274218,35
541,274239,35
542,274260,35
543,274281,35
544,274302,35
545,274344,35
546,274365,35
547,274386,35
548,274407,35
549,274428,35
550,274449,35
551,274470,35
552,274512,35
553,274575,35
554,274617,35
555,274638,35
556,274659,35
557,274680,35
558,274701,35
559,274722,35
560,274743,35
561,274785,35
562,274869,35
563,274890,35
564,274911,35
565,274932,35
566,274953,35
567,274974,35
568,274995,35
569,275037,35
570,275058,35
571,275079,35
572,275121,35
573,275142,35
574,275163,35
575,275184,35
576,275226,35
577,275247,35
578,275268,35
579,275289,35
580,275310,35
581,275373,35
582,275415,35
583,275436,35
584,275457,35
585,275478,35
586,275520,35
587,275541,35
588,275562,35
589,275604,35
590,275646,35
591,275667,35
592,275730,35
593,275751,35
594,275772,35
595,275793,35
596,275814,35
597,275835,35
598,275856,35
599,275877,35
600,275898,35
601,275919,35
602,275940,35
603,275961,35
604,275982,35
605,276024,35
606,276045,35
607,276066,35
608,276087,35
609,276108,35
610,276129,35
611,276171,35
612,276213,35
613,276255,35
614,276297,35
615,276318,35
616,276339,35
617,276360,35
618,276381,35
619,276402,35
620,276465,35
621,276486,35
622,276507,35
623,276528,35
624,276549,35
625,276570,35
626,276591,35
627,276633,35
628,276654,35
629,276696,35
630,276717,35
631,276738,35
632,276822,35
633,276843,35
634,276864,35
635,276885,35
636,276906,35
637,276927,35
638,276948,35
639,276969,35
640,277032,35
641,277053,35
642,277074,35
643,277116,35
644,277158,35
645,277179,35
646,277200,35
647,277263,35
648,277347,35
649,277368,35
650,277389,35
651,277410,35
652,277431,35
653,277452,35
654,277473,35
655,277536,35
656,277557,35
657,277578,35
658,277620,35
659,277641,35
660,277683,35
661,277704,35
662,277725,35
663,277746,35
664,277767,35
665,277788,35
666,277809,35
667,277830,35
668,277872,35
669,277893,35
670,277935,35
671,277956,35
672,277998,35
673,278019,35
674,278040,35
675,278082,35
676,278103,35
677,278124,35
678,278145,35
679,278166,35
680,278187,35
681,278208,35
682,278229,35
683,278313,35
684,278355,35
685,278418,35
686,278439,35
687,278460,35
688,278481,35
689,278502,35
690,278523,35
691,278565,35
692,278586,35
693,278607,35
694,278628,35
695,278649,35
696,278670,35
697,278691,35
698,278712,35
699,278733,35
700,278796,35
701,278817,35
702,278838,35
703,278859,35
704,278880,35
705,278922,35
706,278943,35
707,278964,35
708,278985,35
709,279111,35
710,279132,35
711,279174,35
712,279195,35
713,279216,35
714,279237,35
715,279258,35
716,279279,35
717,279300,35
718,279321,35
719,279342,35
720,279384,35
721,279405,35
722,279447,35
723,279468,35
724,279489,35
725,279510,35
726,279531,35
727,279573,35
728,279594,35
729,279636,35
730,279657,35
731,279678,35
732,279699,35
733,279720,35
734,279741,35
735,279762,35
736,279783,35
737,279804,35
738,279825,35
739,279867,35
740,279888,35
741,279909,35
742,279930,35
743,279972,35
744,280014,35
745,280056,35
746,280098,35
747,280119,35
748,280140,35
749,280161,35
750,280203,35
751,280224,35
752,280245,35
753,280287,35
754,280308,35
755,280329,35
756,280350,35
757,280371,35
758,280392,35
759,280434,35
760,280455,35
761,280476,35
762,280497,35
763,280518,35
764,280539,35
765,280602,35
766,280623,35
767,280644,35
768,280665,35
769,280686,35
770,280728,35
771,280749,35
772,280770,35
773,280812,35
774,280833,35
775,280875,35
776,280896,35
777,280959,35
778,281001,35
779,281022,35
780,281064,35
781,281085,35
782,281148,35
783,281169,35
784,281190,35
785,281211,35
786,281274,35
787,281295,35
788,281316,35
789,281337,35
790,281358,35
791,281442,35
792,281463,35
793,281484,35
794,281505,35
795,281568,35
796,281610,35
797,281631,35
798,281694,35
799,281736,35
800,281757,35
801,281778,35
802,281799,35
803,281820,35
804,281841,35
805,281862,35
806,281925,35
807,281946,35
808,281967,35
809,281988,35
810,282009,35
811,282030,35
812,282051,35
813,282114,35
814,282135,35
815,282156,35
816,282177,35
817,282219,35
818,282261,35
819,282387,35
820,282408,35
821,282429,35
822,282450,35
823,282471,35
824,282492,35
825,282513,35
826,282555,35
827,282576,35
828,282618,35
829,282660,35
830,282681,35
831,282702,35
832,282744,35
833,282786,35
834,282807,35
835,282828,35
836,282870,35
837,282891,35
838,282933,35
839,282954,35
840,282975,35
841,282996,35
842,283017,35
843,283059,35
844,283101,35
845,283122,35
846,283143,35
847,283164,35
848,283185,35
849,283206,35
850,283227,35
851,283248,35
852,283269,35
853,283311,35
854,283332,32
855,283353,32
856,283374,35
857,283395,35
858,283416,35
859,283437,35
860,283479,35
861,283500,35
862,283521,32
863,283542,35
864,283563,35
865,283584,35
866,283605,32
867,283626,35
868,283647,35
869,283668,35
870,283689,35
871,283710,35
872,283752,35
873,283773,35
874,283794,35
875,283815,35
876,283836,35
877,283857,35
878,283878,35
879,283899,35
880,283920,32
881,283941,35
882,283962,35
883,283983,35
884,284004,35
885,284025,35
886,284067,35
887,284109,35
888,284151,35
889,284172,35
890,284193,35
891,284214,35
892,284256,35
893,284298,35
894,284319,35
895,284424,35
896,284466,35
897,284508,35
898,284529,35
899,284571,35
900,284592,35
901,284655,35
902,284697,35
903,284718,35
904,284760,35
905,284781,35
906,284802,35
907,284823,35
908,284844,35
909,284865,35
910,284886,35
911,284928,35
912,284949,35
913,284970,35
914,284991,35
915,285012,35
916,285033,35
917,285075,35
918,285096,35
919,285117,35
920,285159,35
921,285201,35
922,285243,35
923,285264,35
924,285327,35
925,285348,35
926,285369,35
927,285390,35
928,285411,35
929,285432,35
930,285453,35
931,285474,35
932,285516,35
933,285558,35
934,285579,35
935,285600,35
936,285621,35
937,285642,35
938,285663,35
939,285726,35
940,285747,35
941,285810,35
942,285831,35
943,285894,35
944,285915,35
945,285957,35
946,285978,35
947,286041,35
948,286083,35
949,286146,35
950,286167,35
951,286209,35
952,286230,35
953,286251,35
954,286272,35
955,286314,35
956,286335,35
957,286356,35
958,286377,35
959,286398,35
960,286419,35
961,286482,35
962,286503,35
963,286524,35
964,286545,35
965,286587,35
966,286629,35
967,286650,35
968,286671,35
969,286692,35
970,286734,35
971,286755,35
972,286776,35
973,286797,35
974,286818,35
975,286839,35
976,286902,35
977,286923,35
978,286986,35
979,287007,35
980,287028,35
981,287049,35
982,287070,35
983,287112,35
984,287133,35
985,287175,35
986,287238,35
987,287280,35
988,287301,35
989,287322,35
990,287364,35
991,287385,35
992,287406,35
993,287469,35
994,287490,35
995,287532,35
996,287574,35
997,287595,35
998,287637,35
999,287679,35
1000,287700,35
1001,287763,35
1002,287784,35
1003,287805,35
1004,287826,35
1005,287847,35
1006,287868,35
1007,287889,35
1008,287910,35
1009,287931,35
1010,287952,35
1011,288015,35
1012,288036,35
1013,288057,35
1014,288078,35
1015,288099,35
1016,288120,35
1017,288141,35
1018,288162,35
1019,288183,35
1020,288225,35
1021,288246,35
1022,288267,35
1023,288288,35
1024,288330,35
1025,288351,35
1026,288372,35
1027,288435,35
1028,288456,35
1029,288477,35
1030,288519,35
1031,288540,35
1032,288561,35
1033,288582,35
1034,288603,35
1035,288624,35
1036,288645,35
1037,288687,35
1038,288708,35
1039,288750,35
1040,288771,35
1041,288792,35
1042,288813,35
1043,288834,35
1044,288855,35
1045,288876,35
1046,288918,35
1047,288939,35
1048,288960,35
1049,288981,35
1050,289002,35
1051,289023,35
1052,289044,35
1053,289107,35
1054,289149,35
1055,289191,35
1056,289212,35
1057,289254,35
1058,289317,35
1059,289338,35
1060,289380,35
1061,289401,35
1062,289422,35
1063,289464,35
1064,289506,35
1065,289527,35
1066,289590,35
1067,289611,35
1068,289632,35
1069,289758,35
1070,289779,35
1071,289800,35
1072,289821,35
1073,289842,35
1074,289863,35
1075,289884,35
1076,289905,35
1077,289926,35
1078,289947,35
1079,289968,35
1080,289989,7
1081,290010,14
1082,290031,14
1083,290052,14
1084,290073,14
1085,290094,14
1086,290115,14
1087,290136,14
1088,290157,14
1089,290199,35
1090,290241,35
1091,290262,35
1092,290283,35
1093,290304,35
1094,290346,35
1095,290367,35
1096,290388,35
1097,290451,35
1098,290472,35
1099,290493,35
1100,290535,35
1101,290577,35
1102,290598,35
1103,290661,35
1104,290682,35
1105,290724,35
1106,290745,35
1107,290766,35
1108,290808,35
1109,290829,35
1110,290850,35
1111,290871,35
1112,290913,35
1113,290934,35
1114,290976,35
1115,291018,35
1116,291039,35
1117,291060,35
1118,291102,35
1119,291123,35
1120,291165,35
1121,291186,35
1122,291207,35
1123,291228,35
1124,291249,35
1125,291270,35
1126,291291,35
1127,291333,35
1128,291354,35
1129,291375,35
1130,291396,35
1131,291417,35
1132,291438,35
1133,291480,35
1134,291501,35
1135,291522,35
1136,291543,35
1137,291564,35
1138,291585,35
1139,291606,35
1140,291627,35
1141,291648,35
1142,291669,35
1143,291690,35
1144,291732,35
1145,291753,35
1146,291774,35
1147,291795,35
1148,291837,35
1149,291858,35
1150,291879,35
1151,291900,35
1152,291921,35
1153,291984,35
1154,292068,35
1155,292131,35
1156,292194,35
1157,292257,35
1158,292278,35
1159,292299,9
1160,292362,35
1161,292383,35
1162,292404,35
1163,292425,35
1164,292446,35
1165,292467,35
1166,292488,35
1167,292509,35
1168,292530,35
1169,292551,35
1170,292572,35
1171,292593,35
1172,292614,35
1173,292656,35
1174,292677,35
1175,292698,35
1176,292719,35
1177,292740,35
1178,292761,35
1179,292866,35
1180,292887,35
1181,292908,35
1182,292929,35
1183,292950,35
1184,292971,35
1185,292992,35
1186,293013,35
1187,293034,35
1188,293055,35
1189,293076,35
1190,293139,35
1191,293160,35
1192,293202,35
1193,293223,35
1194,293307,35
1195,293349,35
1196,293391,35
1197,293412,35
1198,293433,35
1199,293454,35
1200,293475,35
1201,293496,35
1202,293538,35
1203,293559,35
1204,293580,35
1205,293622,35
1206,293643,35
1207,293664,35
1208,293685,35
1209,293706,35
1210,293748,35
1211,293769,35
1212,293790,35
1213,293811,35
1214,293832,35
1215,293853,35
1216,293874,35
1217,293895,35
1218,293979,35
1219,294000,35
1220,294021,35
1221,294042,35
1222,294084,35
1223,294105,35
1224,294126,35
1225,294189,35
1226,294252,35
1227,294273,35
1228,294294,35
1229,294315,35
1230,294336,10
1231,294399,35
1232,294420,35
1233,294441,35
1234,294462,35
1235,294483,35
1236,294504,35
1237,294567,35
1238,294609,35
1239,294630,35
1240,294651,35
1241,294672,35
1242,294714,35
1243,294735,35
1244,294756,35
1245,294777,35
1246,294798,35
1247,294819,35
1248,294840,35
1249,294861,35
1250,294924,35
1251,294945,35
1252,294966,35
1253,294987,35
1254,295008,35
1255,295029,35
1256,295050,35
1257,295071,35
1258,295092,35
1259,295113,35
1260,295134,35
1261,295155,35
1262,295176,35
1263,295197,35
1264,295239,35
1265,295260,35
1266,295302,35
1267,295344,35
1268,295386,35
1269,295407,35
1270,295428,35
1271,295491,35
1272,295533,35
1273,295575,35
1274,295596,35
1275,295617,35
1276,295638,35
1277,295659,35
1278,295680,35
1279,295701,35
1280,295722,35
1281,295743,35
1282,295785,35
1283,295827,35
1284,295848,35
1285,295869,35
1286,295890,35
1287,295932,35
1288,295953,35
1289,296016,35
1290,296058,35
1291,296079,35
1292,296100,35
1293,296121,35
1294,296142,35
1295,296184,35
1296,296205,35
1297,296247,35
1298,296268,35
1299,296289,35
1300,296310,35
1301,296331,35
1302,296352,35
1303,296373,35
1304,296394,35
1305,296436,35
1306,296457,35
1307,296541,35
1308,296604,35
1309,296625,35
1310,296646,35
1311,296667,35
1312,296688,35
1313,296709,35
1314,296730,35
1315,296772,35
1316,296793,35
1317,296835,35
1318,296898,35
1319,296919,35
1320,296940,35
1321,296961,35
1322,296982,35
1323,297003,35
1324,297045,35
1325,297066,35
1326,297087,35
1327,297108,35
1328,297129,35
1329,297150,35
1330,297192,35
1331,297234,35
1332,297255,35
1333,297276,10
1334,297297,35
1335,297318,35
1336,297339,35
1337,297381,35
1338,297402,35
1339,297423,35
1340,297444,35
1341,297465,35
1342,297507,35
1343,297591,35
1344,297633,35
1345,297654,35
1346,297675,35
1347,297696,35
1348,297717,35
1349,297738,35
1350,297759,35
1351,297780,35
1352,297864,35
1353,297885,35
1354,297948,35
1355,297969,35
1356,298011,35
1357,298053,35
1358,298074,35
1359,298095,35
1360,298116,35
1361,298158,35
1362,298179,35
1363,298221,35
1364,298284,35
1365,298305,35
1366,298326,35
1367,298368,35
1368,298389,35
1369,298410,35
1370,298431,35
1371,298452,35
1372,298494,35
1373,298515,35
1374,298536,35
1375,298557,35
1376,298578,35
1377,298599,35
1378,298620,35
1379,298641,35
1380,298662,35
1381,298683,35
1382,298704,35
1383,298746,35
1384,298767,35
1385,298809,35
1386,298851,35
1387,298872,35
1388,298893,35
1389,298914,35
1390,298935,35
1391,298956,35
1392,298977,35
1393,298998,35
1394,299019,35
1395,299040,35
1396,299061,35
1397,299082,35
1398,299103,35
1399,299145,35
1400,299166,35
1401,299187,35
1402,299208,35
1403,299250,35
1404,299271,35
1405,299376,35
1406,299397,35
1407,299418,35
1408,299439,35
1409,299481,35
1410,299502,35
1411,299544,35
1412,299565,36
1413,299607,35
1414,299670,35
1415,299691,35
1416,299712,35
1417,299733,35
1418,299796,35
1419,299817,13
1420,299880,35
1421,299922,35
1422,299964,35
1423,299985,35
1424,300006,35
1425,300027,35
1426,300048,35
1427,300069,35
1428,300090,35
1429,300111,35
1430,300132,35
1431,300153,35
1432,300195,35
1433,300237,35
1434,300258,35
1435,300279,35
1436,300300,35
1437,300321,35
1438,300384,35
1439,300405,35
1440,300426,35
1441,300447,35
1442,300489,35
1443,300531,35
1444,300552,35
1445,300594,35
1446,300615,35
1447,300657,35
1448,300720,35
1449,300741,35
1450,300783,35
1451,300846,35
1452,300867,35
1453,300909,35
1454,300951,35
1455,300972,35
1456,300993,35
1457,301014,35
1458,301035,14
1459,301056,35
1460,301098,35
1461,301119,35
1462,301140,35
1463,301161,35
1464,301182,35
1465,301224,35
1466,301245,35
1467,301266,35
1468,301308,35
1469,301329,35
1470,301350,35
1471,301371,35
1472,301392,35
1473,301413,35
1474,301434,35
1475,301455,35
1476,301476,35
1477,301497,35
1478,301539,35
1479,301560,35
1480,301602,35
1481,301644,35
1482,301707,35
1483,301728,35
1484,301791,35
1485,301833,35
1486,301875,35
1487,301917,35
1488,301959,35
1489,302001,35
1490,302022,35
1491,302043,35
1492,302085,35
1493,302106,35
1494,302127,35
1495,302148,35
1496,302169,35
1497,302190,35
1498,302253,35
1499,302295,35
1500,302316,35
1501,302337,35
1502,302400,35
1503,302421,35
1504,302463,35
1505,302484,35
1506,302526,35
1507,302547,35
1508,302568,35
1509,302589,35
1510,302610,35
1511,302631,35
1512,302652,35
1513,302673,35
1514,302694,35
1515,302715,35
1516,302736,35
1517,302778,35
1518,302799,35
1519,302820,35
1520,302841,35
1521,302862,35
1522,302883,35
1523,302904,35
1524,302946,35
1525,302967,35
1526,302988,35
1527,303051,35
1528,303072,35
1529,303114,35
1530,303156,35
1531,303177,35
1532,303198,35
1533,303219,15
1534,303240,35
1535,303261,35
1536,303282,6
1537,303303,35
1538,303366,35
1539,303387,35
1540,303408,35
1541,303429,35
1542,303450,35
1543,303471,35
1544,303492,35
1545,303513,35
1546,303576,35
1547,303597,35
1548,303639,35
1549,303660,35
1550,303681,35
1551,303702,35
1552,303723,35
1553,303765,35
1554,303786,35
1555,303807,35
1556,303870,35
1557,303912,35
1558,303933,35
1559,303954,35
1560,303975,35
1561,303996,35
1562,304017,35
1563,304059,35
1564,304080,35
1565,304101,35
1566,304122,35
1567,304143,35
1568,304164,35
1569,304185,35
1570,304227,35
1571,304248,35
1572,304269,35
1573,304311,35
1574,304353,35
1575,304374,35
1576,304395,35
1577,304416,35
1578,304437,35
1579,304458,35
1580,304479,35
1581,304500,35
1582,304521,35
1583,304542,35
1584,304563,35
1585,304584,35
1586,304605,35
1587,304626,35
1588,304647,35
1589,304668,35
1590,304731,35
1591,304752,35
1592,304773,35
1593,304794,35
1594,304815,35
1595,304857,35
1596,304878,35
1597,304920,35
1598,304962,35
1599,304983,35
1600,305004,35
1601,305025,35
1602,305067,35
1603,305088,35
1604,305109,35
1605,305130,35
1606,305172,35
1607,305193,35
1608,305214,35
1609,305235,35
1610,305256,35
1611,305277,35
1612,305298,35
1613,305319,35
1614,305340,35
1615,305361,35
1616,305382,35
1617,305403,35
1618,305424,35
1619,305466,35
1620,305487,35
1621,305508,35
1622,305529,35
1623,305550,35
1624,305571,35
1625,305592,35
1626,305613,35
1627,305634,35
1628,305655,35
1629,305697,35
1630,305760,35
1631,305781,35
1632,305802,35
1633,305865,35
1634,305886,6
1635,305907,35
1636,305949,35
1637,305970,35
1638,306012,35
1639,306033,35
1640,306096,35
1641,306117,35
1642,306138,35
1643,306201,35
1644,306222,35
1645,306243,35
1646,306264,35
1647,306285,35
1648,306306,35
1649,306327,35
1650,306369,35
1651,306411,35
1652,306432,35
1653,306453,35
1654,306474,35
1655,306495,35
1656,306537,35
1657,306558,35
1658,306600,35
1659,306621,35
1660,306663,35
1661,306726,35
1662,306747,35
1663,306768,35
1664,306789,35
1665,306936,35
1666,306978,35
1667,306999,35
1668,307020,35
1669,307041,35
1670,307062,35
1671,307083,35
1672,307104,35
1673,307125,35
1674,307146,35
1675,307188,35
1676,307209,35
1677,307251,35
1678,307272,35
1679,307293,35
1680,307356,35
1681,307398,35
1682,307419,35
1683,307440,35
1684,307461,35
1685,307482,35
1686,307503,35
1687,307524,35
1688,307545,35
1689,307566,23
1690,307587,35
1691,307629,35
1692,307671,35
1693,307692,35
1694,307713,35
1695,307755,35
1696,307776,35
1697,307797,35
1698,307818,35
1699,307839,35
1700,307860,35
1701,307881,35
1702,307902,35
1703,307944,35
1704,307965,35
1705,307986,35
1706,308007,35
1707,308049,35
1708,308070,35
1709,308112,35
1710,308133,35
1711,308175,35
1712,308196,35
1713,308280,35
1714,308301,35
1715,308322,35
1716,308364,35
1717,308427,35
1718,308448,35
1719,308469,35
1720,308490,35
1721,308511,35
1722,308532,35
1723,308553,35
1724,308616,35
1725,308637,35
1726,308658,35
1727,308679,35
1728,308700,35
1729,308721,35
1730,308742,35
1731,308763,35
1732,308784,35
1733,308805,35
1734,308868,35
1735,308889,35
1736,308910,35
1737,308931,35
1738,308952,35
1739,308973,35
1740,308994,35
1741,309015,35
1742,309036,35
1743,309099,35
1744,309120,35
1745,309162,35
1746,309183,35
1747,309225,35
1748,309267,35
1749,309309,35
1750,309330,35
1751,309351,35
1752,309372,35
1753,309393,35
1754,309435,35
1755,309477,35
1756,309498,35
1757,309519,35
1758,309540,35
1759,309561,35
1760,309624,35
1761,309645,35
1762,309687,35
1763,309708,35
1764,309792,35
1765,309813,35
1766,309834,35
1767,309855,35
1768,309876,35
1769,309897,35
1770,309918,35
1771,309939,35
1772,309960,35
1773,309981,35
1774,310002,35
1775,310044,35
1776,310065,35
1777,310086,35
1778,310128,35
1779,310149,35
1780,310170,35
1781,310212,35
1782,310275,35
1783,310296,35
1784,310338,35
1785,310359,35
1786,310380,35
1787,310422,35
1788,310464,35
1789,310485,35
1790,310548,35
1791,310569,35
1792,310590,35
1793,310632,35
1794,310653,35
1795,310674,35
1796,310695,35
1797,310716,35
1798,310758,35
1799,310779,35
1800,310800,35
1801,310821,35
1802,310863,35
1803,310884,35
1804,310905,35
1805,310926,35
1806,310968,35
1807,311010,35
1808,311073,35
1809,311115,35
1810,311136,35
1811,311157,35
1812,311178,35
1813,311199,35
1814,311220,35
1815,311241,35
1816,311283,35
1817,311304,35
1818,311325,35
1819,311388,35
1820,311409,35
1821,311430,35
1822,311514,35
1823,311556,35
1824,311577,35
1825,311640,35
1826,311661,35
1827,311682,35
1828,311724,35
1829,311787,35
1830,311829,35
1831,311850,35
1832,311871,35
1833,311892,35
1834,311913,35
1835,311934,35
1836,311955,35
1837,311976,35
1838,311997,35
1839,312039,35
1840,312060,35
1841,312081,35
1842,312102,35
1843,312123,35
1844,312165,35
1845,312186,35
1846,312207,35
1847,312228,35
1848,312249,35
1849,312270,35
1850,312291,35
1851,312333,35
1852,312375,35
1853,312438,35
1854,312480,35
1855,312501,35
1856,312522,35
1857,312543,35
1858,312585,35
1859,312606,35
1860,312627,35
1861,312648,35
1862,312669,35
1863,312690,35
1864,312711,35
1865,312753,35
1866,312774,35
1867,312795,35
1868,312816,35
1869,312837,35
1870,312858,35
1871,312921,35
1872,312942,35
1873,312963,35
1874,312984,35
1875,313005,35
1876,313047,35
1877,313068,35
1878,313110,35
1879,313131,10
1880,313152,18
1881,313173,35
1882,313215,35
1883,313236,35
1884,313278,35
1885,313320,35
1886,313341,35
1887,313383,35
1888,313404,35
1889,313509,35
1890,313530,6
1891,313551,6
1892,313572,6
1893,313614,6
1894,313635,6
1895,313656,6
1896,313677,6
1897,313824,35
1898,313866,35
1899,313887,35
1900,313908,35
1901,313950,35
1902,313971,35
1903,313992,35
1904,314013,35
1905,314034,35
1906,314097,35
1907,314118,35
1908,314139,35
1909,314160,35
1910,314181,35
1911,314202,35
1912,314223,35
1913,314244,35
1914,314265,35
1915,314286,35
1916,314307,35
1917,314328,35
1918,314370,35
1919,314391,35
1920,314412,35
1921,314433,35
1922,314454,35
1923,314475,35
1924,314496,35
1925,314538,35
1926,314601,35
1927,314664,35
1928,314685,35
1929,314727,35
1930,314748,35
1931,314895,35
1932,314937,35
1933,314958,35
1934,315000,35
1935,315042,35
1936,315084,35
1937,315105,35
1938,315126,35
1939,315147,35
1940,315189,35
1941,315210,35
1942,315252,35
1943,315294,35
1944,315336,35
1945,315357,35
1946,315378,35
1947,315399,35
1948,315441,35
1949,315462,35
1950,315483,35
1951,315504,35
1952,315525,35
1953,315546,35
1954,315567,35
1955,315588,35
1956,315630,35
1957,315651,35
1958,315672,35
1959,315693,35
1960,315714,35
1961,315735,35
1962,315756,35
1963,315798,35
1964,315819,35
1965,315861,35
1966,315882,35
1967,315903,35
1968,315924,35
1969,315945,35
1970,315966,35
1971,315987,35
1972,316008,35
1973,316029,35
1974,316050,35
1975,316071,35
1976,316092,35
1977,316113,35
1978,316134,35
1979,316197,35
1980,316218,35
1981,316239,35
1982,316260,35
1983,316281,35
1984,316302,35
1985,316323,35
1986,316365,35
1987,316386,35
1988,316407,35
1989,316428,35
1990,316449,35
1991,316470,35
1992,316491,35
1993,316533,35
1994,316554,35
1995,316575,35
1996,316596,35
1997,316638,35
1998,316659,35
1999,316701,35
2000,316743,35
2001,316827,35
2002,316848,35
2003,316869,35
2004,316890,35
2005,316911,35
2006,316932,35
2007,316953,35
2008,316995,35
2009,317016,35
2010,317037,35
2011,317058,35
2012,317079,35
2013,317100,35
2014,317121,35
2015,317163,35
2016,317184,35
2017,317205,35
2018,317226,35
2019,317247,35
2020,317268,11
2021,317289,35
2022,317310,35
2023,317331,35
2024,317373,35
2025,317394,35
2026,317415,35
2027,317436,35
2028,317457,35
2029,317478,35
2030,317499,35
2031,317520,35
2032,317541,35
2033,317562,35
2034,317583,35
2035,317604,35
2036,317625,35
2037,317667,35
2038,317688,35
2039,317709,35
2040,317730,35
2041,317772,35
2042,317793,35
2043,317814,35
2044,317835,35
2045,317856,35
2046,317919,35
2047,317940,35
2048,317982,35
2049,318003,35
2050,318024,35
2051,318045,35
2052,318066,35
2053,318087,35
2054,318108,35
2055,318129,35
2056,318150,35
2057,318192,35
2058,318213,35
2059,318234,35
2060,318276,35
2061,318297,35
2062,318318,35
2063,318339,35
2064,318360,35
2065,318423,35
2066,318444,35
2067,318465,35
2068,318507,35
2069,318528,35
2070,318591,35
2071,318612,35
2072,318654,35
2073,318675,35
2074,318738,35
2075,318759,35
2076,318780,35
2077,318801,35
2078,318822,35
2079,318864,35
2080,318885,35
2081,318906,35
2082,318927,35
2083,318969,35
2084,319032,35
2085,319053,35
2086,319074,35
2087,319095,35
2088,319137,35
2089,319158,35
2090,319179,35
2091,319221,35
2092,319263,35
2093,319284,35
2094,319305,35
2095,319326,35
2096,319368,35
2097,319410,35
2098,319431,35
2099,319452,35
2100,319473,35
2101,319494,35
2102,319515,35
2103,319536,35
2104,319578,35
2105,319599,35
2106,319620,35
2107,319641,35
2108,319662,35
2109,319683,35
2110,319704,35
2111,319725,35
2112,319746,35
2113,319767,35
2114,319788,35
2115,319830,35
2116,319872,35
2117,319914,35
2118,319935,35
2119,319956,35
2120,319977,35
2121,319998,35
2122,320019,35
2123,320040,35
2124,320061,35
2125,320103,35
2126,320124,35
2127,320145,35
2128,320166,35
2129,320187,35
2130,320229,35
2131,320271,35
2132,320292,35
2133,320313,35
2134,320334,35
2135,320355,35
2136,320376,35
2137,320397,35
2138,320418,35
2139,320460,35
2140,320481,35
2141,320502,35
2142,320523,35
2143,320544,35
2144,320565,35
2145,320586,35
2146,320607,35
2147,320649,35
2148,320670,35
2149,320691,35
2150,320712,35
2151,320754,35
2152,320775,35
2153,320796,35
2154,320817,35
2155,320859,35
2156,320880,35
2157,320901,35
2158,321006,35
2159,321027,35
2160,321048,35
2161,321069,35
2162,321090,35
2163,321111,35
2164,321132,35
2165,321216,35
2166,321237,35
2167,321258,35
2168,321279,35
2169,321300,35
2170,321321,35
2171,321363,35
2172,321384,35
2173,321426,35
2174,321447,35
2175,321468,35
2176,321531,35
2177,321552,35
2178,321573,35
2179,321594,35
2180,321615,35
2181,321636,35
2182,321678,35
2183,321699,35
2184,321720,35
2185,321741,35
2186,321762,35
2187,321825,35
2188,321846,35
2189,321867,35
2190,321909,35
2191,321930,35
2192,321972,21
2193,321993,35
2194,322014,35
2195,322035,35
2196,322119,35
2197,322161,35
2198,322182,35
2199,322203,35
2200,322224,35
2201,322245,35
2202,322266,35
2203,322287,35
2204,322308,35
2205,322329,35
2206,322350,35
2207,322371,35
2208,322413,35
2209,322455,35
2210,322476,35
2211,322518,35
2212,322560,35
2213,322581,35
2214,322623,35
2215,322644,35
2216,322665,35
2217,322686,35
2218,322707,35
2219,322728,35
2220,322770,35
2221,322812,35
2222,322833,35
2223,322854,35
2224,322896,35
2225,322959,35
2226,322980,35
2227,323001,35
2228,323022,35
2229,323064,35
2230,323085,35
2231,323106,35
2232,323148,5
2233,323169,35
2234,323232,35
2235,323253,35
2236,323274,35
2237,323295,35
2238,323316,35
2239,323337,35
2240,323358,35
2241,323379,35
2242,323400,35
2243,323442,35
2244,323505,35
2245,323526,35
2246,323547,35
2247,323568,35
2248,323610,35
2249,323631,35
2250,323652,35
2251,323694,35
2252,323715,35
2253,323736,35
2254,323757,35
2255,323799,35
2256,323841,35
2257,323862,35
2258,323883,35
2259,323904,35
2260,323946,35
2261,323967,35
2262,323988,35
2263,324009,35
2264,324072,35
2265,324093,35
2266,324114,35
2267,324135,35
2268,324156,35
2269,324177,35
2270,324198,35
2271,324240,35
2272,324282,35
2273,324303,35
2274,324324,35
2275,324345,35
2276,324387,35
2277,324408,35
2278,324429,35
2279,324450,35
2280,324492,35
2281,324513,35
2282,324534,35
2283,324576,35
2284,324597,35
2285,324618,35
2286,324660,35
2287,324702,35
2288,324723,35
2289,324744,35
2290,324765,35
2291,324786,35
2292,324807,35
2293,324828,35
2294,324849,35
2295,324891,35
2296,324912,35
2297,324933,35
2298,324975,35
2299,325038,35
2300,325080,22
2301,325122,35
2302,325143,35
2303,325164,35
2304,325185,35
2305,325248,35
2306,325269,35
2307,325311,35
2308,325332,35
2309,325353,35
2310,325374,35
2311,325437,35
2312,325458,35
2313,325500,35
2314,325542,35
2315,325563,35
2316,325584,35
2317,325605,35
2318,325626,35
2319,325647,35
2320,325668,35
2321,325710,35
2322,325731,35
2323,325752,35
2324,325773,35
2325,325794,35
2326,325836,35
2327,325857,35
2328,325878,35
2329,325920,35
2330,325941,35
2331,325962,35
2332,325983,35
2333,326004,35
2334,326025,35
2335,326046,35
2336,326067,35
2337,326088,35
2338,326109,35
2339,326130,35
2340,326151,35
2341,326172,35
2342,326193,35
2343,326235,35
2344,326277,35
2345,326319,35
2346,326340,35
2347,326361,35
2348,326403,35
2349,326424,35
2350,326445,35
2351,326487,35
2352,326529,35
2353,326550,35
2354,326571,35
2355,326592,35
2356,326613,35
2357,326634,35
2358,326655,35
2359,326676,35
2360,326697,35
2361,326781,35
2362,326802,35
2363,326823,35
2364,326865,35
2365,326907,35
2366,326928,35
2367,326949,35
2368,326970,35
2369,326991,35
2370,327012,35
2371,327033,35
2372,327054,35
2373,327096,35
2374,327117,35
2375,327138,35
2376,327159,35
2377,327201,35
2378,327222,35
2379,327264,35
2380,327285,35
2381,327327,35
2382,327369,35
2383,327432,35
2384,327453,35
2385,327474,35
2386,327516,35
2387,327537,35
2388,327558,35
2389,327579,35
2390,327621,35
2391,327642,35
2392,327663,35
2393,327684,35
2394,327705,35
2395,327726,35
2396,327747,35
2397,327768,35
2398,327789,35
2399,327810,35
2400,327831,35
2401,327852,35
2402,327915,35
2403,327978,35
2404,327999,35
2405,328020,35
2406,328041,35
2407,328062,35
2408,328083,35
2409,328104,35
2410,328125,35
2411,328146,35
2412,328188,35
2413,328230,35
2414,328272,35
2415,328314,35
2416,328356,35
2417,328377,35
2418,328419,35
2419,328440,35
2420,328461,35
2421,328503,35
2422,328524,35
2423,328545,35
2424,328566,35
2425,328608,35
2426,328629,35
2427,328671,35
2428,328692,35
2429,328713,35
2430,328734,35
2431,328755,35
2432,328776,35
2433,328797,35
2434,328818,35
2435,328839,35
2436,328860,35
2437,328881,35
2438,328923,35
2439,328944,35
2440,328965,35
2441,329007,35
2442,329028,35
2443,329049,35
2444,329070,35
2445,329091,35
2446,329133,35
2447,329154,35
2448,329175,35
2449,329196,35
2450,329217,35
2451,329238,35
2452,329259,35
2453,329280,35
2454,329301,35
2455,329343,35
2456,329427,35
2457,329469,35
2458,329490,35
2459,329511,35
2460,329532,35
2461,329574,35
2462,329595,35
2463,329616,35
2464,329679,35
2465,329700,35
2466,329721,35
2467,329763,35
2468,329784,35
2469,329805,35
2470,329826,35
2471,329847,35
2472,329868,35
2473,329889,35
2474,329952,35
2475,329973,35
2476,329994,35
2477,330036,35
2478,330057,35
2479,330099,35
2480,330120,35
2481,330141,35
2482,330162,35
2483,330183,35
2484,330204,35
2485,330225,35
2486,330267,35
2487,330309,35
2488,330330,35
2489,330372,35
2490,330393,35
2491,330414,35
2492,330477,35
2493,330498,35
2494,330519,35
2495,330540,35
2496,330603,35
2497,330624,35
2498,330645,35
2499,330666,35
2500,330687,35
2501,330708,35
2502,330729,35
2503,330750,35
2504,330792,35
2505,330813,35
2506,330834,35
2507,330855,35
2508,330876,35
2509,330897,35
2510,330918,35
2511,330939,35
2512,331002,35
2513,331023,35
2514,331044,35
2515,331086,35
2516,331128,35
2517,331149,35
2518,331233,35
2519,331254,35
2520,331275,35
2521,331296,35
2522,331317,35
2523,331380,35
2524,331401,35
2525,331422,35
2526,331443,35
2527,331485,35
2528,331506,35
2529,331527,35
2530,331569,35
2531,331590,35
2532,331611,35
2533,331653,35
2534,331695,35
2535,331716,35
2536,331737,35
2537,331779,35
2538,331800,35
2539,331821,35
2540,331842,35
2541,331863,35
2542,331884,35
2543,331905,35
2544,331926,35
2545,331947,35
2546,331968,35
2547,331989,35
2548,332010,35
2549,332031,35
2550,332052,35
2551,332073,35
2552,332094,35
2553,332115,35
2554,332199,35
2555,332220,35
2556,332241,35
2557,332262,35
2558,332283,35
2559,332325,35
2560,332346,35
2561,332367,35
2562,332409,35
2563,332430,35
2564,332451,35
2565,332472,35
2566,332514,35
2567,332535,35
2568,332556,35
2569,332577,35
2570,332598,35
2571,332619,35
2572,332640,35
2573,332661,35
2574,332703,35
2575,332724,35
2576,332745,35
2577,332787,35
2578,332850,35
2579,332892,35
2580,332913,35
2581,332934,35
2582,332955,35
2583,332976,35
2584,332997,35
2585,333018,35
2586,333060,35
2587,333081,35
2588,333102,35
2589,333123,35
2590,333144,35
2591,333165,35
2592,333186,35
2593,333207,35
2594,333249,35
2595,333270,35
2596,333312,35
2597,333354,35
2598,333417,35
2599,333480,35
2600,333501,35
2601,333522,35
2602,333543,35
2603,333585,35
2604,333606,35
2605,333648,35
2606,333669,35
2607,333711,35
2608,333774,35
2609,333795,35
2610,333837,35
2611,333858,35
2612,333879,35
2613,333900,35
2614,333921,35
2615,333963,35
2616,333984,35
2617,334026,35
2618,334047,35
2619,334089,35
2620,334110,35
2621,334152,35
2622,334236,35
2623,334257,35
2624,334278,35
2625,334299,35
2626,334320,35
2627,334341,35
2628,334362,35
2629,334383,35
2630,334425,35
2631,334530,35
2632,334572,35
2633,334593,35
2634,334635,35
2635,334677,35
2636,334698,35
2637,334719,35
2638,334740,35
2639,334782,35
2640,334824,35
2641,334845,35
2642,334887,35
2643,334908,35
2644,334929,35
2645,334950,35
2646,334971,35
2647,334992,35
2648,335013,35
2649,335055,35
2650,335097,35
2651,335118,35
2652,335223,35
2653,335265,35
2654,335307,35
2655,335349,35
2656,335370,35
2657,335391,35
2658,335433,35
2659,335454,35
2660,335475,35
2661,335496,35
2662,335517,35
2663,335538,35
2664,335580,35
2665,335601,35
2666,335643,35
2667,335664,35
2668,335685,35
2669,335706,35
2670,335727,35
2671,335748,35
2672,335790,35
2673,335832,35
2674,335853,35
2675,335874,35
2676,335916,35
2677,335958,35
2678,336000,35
2679,336063,35
2680,336105,35
2681,336126,35
2682,336147,35
2683,336168,35
2684,336189,35
2685,336210,35
2686,336231,35
2687,336252,35
2688,336273,35
2689,336294,35
2690,336315,35
2691,336336,35
2692,336357,35
2693,336378,35
2694,336399,35
2695,336420,35
2696,336462,35
2697,336483,35
2698,336504,35
2699,336525,35
2700,336546,35
2701,336567,35
2702,336609,35
2703,336630,35
2704,336651,35
2705,336693,35
2706,336714,35
2707,336756,35
2708,336777,35
2709,336798,35
2710,336840,35
2711,336861,35
2712,336882,35
2713,336903,35
2714,336945,35
2715,337008,35
2716,337029,35
2717,337050,35
2718,337092,35
2719,337113,35
2720,337134,35
2721,337155,35
2722,337176,35
2723,337197,35
2724,337239,35
2725,337302,35
2726,337323,35
2727,337365,35
2728,337386,35
2729,337470,35
2730,337491,35
2731,337512,35
2732,337533,35
2733,337596,35
2734,337638,35
2735,337659,35
2736,337680,35
2737,337701,35
2738,337743,35
2739,337764,35
2740,337785,35
2741,337806,35
2742,337911,35
2743,337932,35
2744,337953,35
2745,337974,35
2746,338016,35
2747,338037,35
2748,338058,35
2749,338079,35
2750,338121,35
2751,338142,35
2752,338163,35
2753,338184,35
2754,338205,35
2755,338226,35
2756,338247,35
2757,338268,35
2758,338289,35
2759,338310,35
2760,338352,35
2761,338373,35
2762,338394,35
2763,338415,35
2764,338436,35
2765,338457,35
2766,338499,35
2767,338520,35
2768,338541,35
2769,338562,35
2770,338583,35
2771,338604,35
2772,338625,35
2773,338646,35
2774,338667,35
2775,338688,35
2776,338751,35
2777,338793,35
2778,338814,35
2779,338835,35
2780,338856,35
2781,338919,35
2782,338940,35
2783,338961,35
2784,338982,35
2785,339003,35
2786,339024,35
2787,339045,35
2788,339066,35
2789,339087,35
2790,339108,35
2791,339129,35
2792,339150,35
2793,339192,35
2794,339213,35
2795,339276,35
2796,339297,35
2797,339339,35
2798,339360,35
2799,339381,35
2800,339402,35
2801,339423,35
2802,339444,35
2803,339528,35
2804,339549,35
2805,339570,35
2806,339591,35
2807,339612,35
2808,339633,35
2809,339654,35
2810,339675,35
2811,339717,35
2812,339738,35
2813,339759,35
2814,339780,35
2815,339801,35
2816,339822,35
2817,339843,35
2818,339864,35
2819,339885,35
2820,339906,35
2821,339927,35
2822,339948,35
2823,339969,35
2824,339990,35
2825,340011,35
2826,340053,35
2827,340158,35
2828,340200,35
2829,340221,35
2830,340242,35
2831,340263,35
2832,340284,35
2833,340305,35
2834,340326,35
2835,340347,35
2836,340368,35
2837,340389,35
2838,340410,35
2839,340431,35
2840,340452,35
2841,340473,35
2842,340494,35
2843,340515,35
2844,340536,35
2845,340557,35
2846,340578,35
2847,340641,35
2848,340662,35
2849,340704,35
2850,340725,35
2851,340746,35
2852,340767,35
2853,340809,35
2854,340830,35
2855,340872,35
2856,340893,35
2857,340935,35
2858,340956,35
2859,341019,35
2860,341040,35
2861,341061,35
2862,341082,35
2863,341103,35
2864,341124,35
2865,341145,35
2866,341187,35
2867,341208,35
2868,341229,35
2869,341250,35
2870,341313,35
2871,341355,35
2872,341376,35
2873,341397,35
2874,341418,35
2875,341460,35
2876,341481,35
2877,341565,35
2878,341586,35
2879,341628,35
2880,341670,35
2881,341691,35
2882,341712,35
2883,341754,35
2884,341775,35
2885,341796,35
2886,341838,35
2887,341859,35
2888,341901,35
2889,341922,35
2890,341943,35
2891,341964,35
2892,342027,35
2893,342132,35
2894,342153,35
2895,342195,35
2896,342237,35
2897,342258,35
2898,342342,35
2899,342363,35
2900,342405,35
2901,342426,35
2902,342468,35
2903,342489,35
2904,342531,35
2905,342573,35
2906,342615,35
2907,342636,35
2908,342657,35
2909,342678,35
2910,342699,35
2911,342720,36
2912,342741,0
2913,342762,35
2914,342783,35
2915,342804,35
2916,342825,35
2917,342846,35
2918,342867,35
2919,342930,35
2920,342972,35
2921,342993,35
2922,343077,35
2923,343098,35
2924,343119,35
2925,343140,35
2926,343161,35
2927,343182,35
2928,343203,35
2929,343224,35
2930,343245,35
2931,343287,35
2932,343308,35
2933,343329,35
2934,343350,35
2935,343371,35
2936,343392,35
2937,343413,35
2938,343434,35
2939,343476,35
2940,343497,35
2941,343518,35
2942,343539,35
2943,343560,35
2944,343581,35
2945,343602,35
2946,343623,35
2947,343644,35
2948,343665,35
2949,343686,35
2950,343707,35
2951,343728,35
2952,343749,35
2953,343770,35
2954,343812,35
2955,343854,35
2956,343896,35
2957,343917,35
2958,343938,35
2959,343959,35
2960,343980,35
2961,344043,35
2962,344064,35
2963,344085,35
2964,344106,35
2965,344127,35
2966,344169,35
2967,344232,35
2968,344253,35
2969,344274,35
2970,344295,35
2971,344358,35
2972,344379,35
2973,344400,35
2974,344421,35
2975,344442,35
2976,344463,35
2977,344484,35
2978,344505,35
2979,344526,35
2980,344547,35
2981,344589,35
2982,344631,35
2983,344652,35
2984,344673,35
2985,344694,35
2986,344715,35
2987,344736,35
2988,344778,35
2989,344799,35
2990,344862,35
2991,344883,35
2992,344904,35
2993,344925,35
2994,344946,35
2995,344967,35
2996,345009,35
2997,345030,35
2998,345051,35
2999,345072,35
3000,345093,35
3001,345114,35
3002,345198,35
3003,345240,35
3004,345261,35
3005,345282,35
3006,345324,35
3007,345345,35
3008,345366,35
3009,345387,35
3010,345408,35
3011,345429,35
3012,345450,35
3013,345471,35
3014,345534,35
3015,345555,35
3016,345576,35
3017,345597,35
3018,345618,35
3019,345660,35
3020,345681,35
3021,345702,35
3022,345723,35
3023,345744,35
3024,345786,35
3025,345828,35
3026,345849,35
3027,345870,35
3028,345891,35
3029,345933,35
3030,345954,35
3031,345975,35
3032,346017,35
3033,346038,35
3034,346059,35
3035,346080,35
3036,346122,35
3037,346143,35
3038,346164,35
3039,346185,35
3040,346248,35
3041,346311,35
3042,346353,35
3043,346374,35
3044,346395,35
3045,346416,35
3046,346437,35
3047,346458,35
3048,346479,35
3049,346500,35
3050,346563,35
3051,346584,35
3052,346605,35
3053,346626,35
3054,346689,35
3055,346710,35
3056,346731,35
3057,346773,35
3058,346815,35
3059,346836,35
3060,346857,35
3061,346878,35
3062,346899,35
3063,346920,35
3064,346983,35
3065,347025,35
3066,347046,35
3067,347067,35
3068,347088,35
3069,347109,35
3070,347151,35
3071,347172,35
3072,347193,35
3073,347235,35
3074,347256,35
3075,347319,35
3076,347382,35
3077,347445,35
3078,347466,35
3079,347529,35
3080,347550,35
3081,347571,35
3082,347592,35
3083,347613,35
3084,347634,35
3085,347655,35
3086,347676,35
3087,347697,35
3088,347718,35
3089,347760,35
3090,347781,35
3091,347823,35
3092,347865,35
3093,347886,35
3094,347907,35
3095,347949,35
3096,347970,35
3097,347991,35
3098,348012,35
3099,348033,35
3100,348054,35
3101,348201,35
3102,348222,35
3103,348243,35
3104,348264,35
3105,348306,35
3106,348327,35
3107,348369,35
3108,348411,35
3109,348432,35
3110,348453,35
3111,348474,35
3112,348495,35
3113,348516,35
3114,348537,35
3115,348558,35
3116,348600,35
3117,348621,35
3118,348642,35
3119,348663,35
3120,348747,35
3121,348789,35
3122,348810,35
3123,348831,35
3124,348852,35
3125,348873,35
3126,348894,35
3127,348936,35
3128,348957,35
3129,348978,35
3130,348999,35
3131,349020,35
3132,349041,35
3133,349083,35
3134,349104,35
3135,349125,35
3136,349146,35
3137,349167,35
3138,349188,35
3139,349209,35
3140,349293,35
3141,349314,35
3142,349377,35
3143,349398,35
3144,349419,35
3145,349461,35
3146,349482,35
3147,349503,35
3148,349524,35
3149,349587,35
3150,349608,35
3151,349650,35
3152,349692,35
3153,349713,35
3154,349734,35
3155,349755,35
3156,349776,35
3157,349797,35
3158,349818,35
3159,349839,35
3160,349860,35
3161,349965,35
3162,349986,35
3163,350007,35
3164,350028,35
3165,350049,35
3166,350070,35
3167,350091,35
3168,350112,35
3169,350154,35
3170,350196,35
3171,350238,35
3172,350259,35
3173,350280,35
3174,350301,35
3175,350322,35
3176,350364,35
3177,350385,35
3178,350406,35
3179,350448,35
3180,350469,35
3181,350490,35
3182,350532,35
3183,350553,35
3184,350616,35
3185,350637,35
3186,350658,35
3187,350700,35
3188,350721,35
3189,350805,35
3190,350826,35
3191,350868,35
3192,350889,35
3193,350910,35
3194,350931,35
3195,350952,35
3196,350973,35
3197,350994,35
3198,351015,35
3199,351036,35
3200,351057,35
3201,351078,35
3202,351099,35
3203,351120,35
3204,351141,35
3205,351162,35
3206,351183,35
3207,351225,35
3208,351246,35
3209,351267,35
3210,351288,35
3211,351309,35
3212,351330,35
3213,351372,35
3214,351414,35
3215,351435,35
3216,351477,35
3217,351498,35
3218,351519,35
3219,351582,35
3220,351603,35
3221,351624,35
3222,351645,35
3223,351666,35
3224,351687,35
3225,351708,35
3226,351750,35
3227,351771,35
3228,351792,35
3229,351813,35
3230,351834,35
3231,351855,35
3232,351876,35
3233,351897,35
3234,351918,35
3235,351939,35
3236,351981,35
3237,352002,35
3238,352023,35
3239,352044,35
3240,352065,35
3241,352086,35
3242,352107,35
3243,352128,35
3244,352149,35
3245,352170,35
3246,352191,35
3247,352233,35
3248,352254,35
3249,352275,35
3250,352296,35
3251,352317,35
3252,352338,35
3253,352359,35
3254,352380,35
3255,352401,35
3256,352422,35
3257,352464,35
3258,352548,35
3259,352569,35
3260,352590,35
3261,352611,35
3262,352632,35
3263,352653,35
3264,352674,35
3265,352695,35
3266,352716,35
3267,352800,35
3268,352821,35
3269,352863,35
3270,352884,35
3271,352905,35
3272,352926,35
3273,352947,35
3274,352968,35
3275,352989,35
3276,353010,35
3277,353031,35
3278,353052,35
3279,353073,35
3280,353094,35
3281,353136,35
3282,353157,35
3283,353178,35
3284,353220,35
3285,353283,35
3286,353304,35
3287,353325,35
3288,353346,35
3289,353388,35
3290,353409,35
3291,353430,35
3292,353472,35
3293,353493,35
3294,353514,35
3295,353535,35
3296,353556,35
3297,353577,35
3298,353598,35
3299,353619,35
3300,353661,35
3301,353682,35
3302,353703,35
3303,353766,35
3304,353787,35
3305,353808,35
3306,353829,35
3307,353850,35
3308,353871,35
3309,353892,35
3310,353955,35
3311,353976,35
3312,354018,35
3313,354039,35
3314,354081,35
3315,354123,35
3316,354186,35
3317,354249,35
3318,354291,35
3319,354312,35
3320,354333,35
3321,354375,35
3322,354417,35
3323,354438,35
3324,354480,35
3325,354501,35
3326,354522,35
3327,354543,35
3328,354564,35
3329,354585,35
3330,354627,35
3331,354669,35
3332,354711,35
3333,354732,35
3334,354753,35
3335,354795,35
3336,354837,35
3337,354858,35
3338,354879,35
3339,354900,35
3340,354942,35
3341,354963,35
3342,354984,35
3343,355005,35
3344,355026,35
3345,355047,35
3346,355089,35
3347,355110,35
3348,355152,35
3349,355173,35
3350,355194,35
3351,355215,35
3352,355236,35
3353,355257,35
3354,355278,35
3355,355299,35
3356,355341,35
3357,355383,35
3358,355404,35
3359,355446,35
3360,355467,35
3361,355488,35
3362,355509,35
3363,355530,35
3364,355551,35
3365,355572,35
3366,355593,35
3367,355614,35
3368,355656,35
3369,355698,35
3370,355740,35
3371,355782,35
3372,355803,35
3373,355845,35
3374,355887,35
3375,355908,35
3376,355929,35
3377,355950,35
3378,355971,35
3379,355992,35
3380,356013,35
3381,356034,35
3382,356055,35
3383,356076,35
3384,356097,35
3385,356139,35
3386,356160,35
3387,356181,35
3388,356223,35
3389,356265,35
3390,356286,35
3391,356307,35
3392,356328,35
3393,356349,35
3394,356391,35
3395,356496,35
3396,356538,35
3397,356559,35
3398,356580,35
3399,356622,35
3400,356643,35
3401,356664,35
3402,356685,35
3403,356706,35
3404,356727,35
3405,356748,35
3406,356769,35
3407,356790,35
3408,356832,35
3409,356916,35
3410,356937,35
3411,356958,35
3412,356979,35
3413,357021,35
3414,357042,35
3415,357084,35
3416,357126,35
3417,357147,35
3418,357210,35
3419,357231,35
3420,357294,35
3421,357315,35
3422,357357,35
3423,357378,35
3424,357399,35
3425,357462,35
3426,357504,35
3427,357525,35
3428,357546,35
3429,357567,35
3430,357609,35
3431,357630,35
3432,357651,35
3433,357693,35
3434,357714,35
3435,357735,35
3436,357777,35
3437,357798,35
3438,357840,35
3439,357861,35
3440,357882,35
3441,357903,35
3442,357924,35
3443,357945,35
3444,357966,35
3445,357987,35
3446,358008,35
3447,358029,35
3448,358050,35
3449,358071,35
3450,358092,35
3451,358113,35
3452,358134,35
3453,358218,35
3454,358239,35
3455,358260,35
3456,358281,35
3457,358302,35
3458,358323,35
3459,358344,35
3460,358428,35
3461,358449,35
3462,358470,35
3463,358491,35
3464,358533,35
3465,358575,35
3466,358596,35
3467,358638,35
3468,358659,35
3469,358680,35
3470,358701,35
3471,358722,35
3472,358743,35
3473,358764,35
3474,358785,35
3475,358806,35
3476,358848,35
3477,358890,35
3478,358911,35
3479,358932,35
3480,358974,35
3481,358995,35
3482,359016,35
3483,359037,30
3484,359100,35
3485,359121,35
3486,359142,35
3487,359205,35
3488,359247,35
3489,359289,35
3490,359310,35
3491,359331,35
3492,359394,35
3493,359415,35
3494,359457,35
3495,359478,35
3496,359499,35
3497,359520,35
3498,359562,35
3499,359583,35
3500,359604,35
3501,359625,35
3502,359646,35
3503,359688,35
3504,359751,35
3505,359793,35
3506,359814,35
3507,359835,35
3508,359898,35
3509,359919,35
3510,359940,35
3511,359982,35
3512,360024,35
3513,360066,35
3514,360087,35
3515,360108,35
3516,360192,35
3517,360213,35
3518,360234,35
3519,360255,35
3520,360297,35
3521,360318,35
3522,360339,35
3523,360360,35
3524,360402,35
3525,360423,35
3526,360444,35
3527,360465,35
3528,360486,35
3529,360549,35
3530,360591,35
3531,360612,35
3532,360633,35
3533,360654,35
3534,360675,35
3535,360696,35
3536,360759,35
3537,360780,35
3538,360801,35
3539,360843,35
3540,360906,35
3541,360927,35
3542,360948,35
3543,360969,35
3544,360990,35
3545,361011,35
3546,361053,35
3547,361074,35
3548,361137,35
3549,361158,35
3550,361221,35
3551,361263,35
3552,361284,35
3553,361305,35
3554,361326,35
3555,361431,35
3556,361452,35
3557,361473,35
3558,361494,35
3559,361557,35
3560,361578,35
3561,361599,35
3562,361620,35
3563,361641,35
3564,361662,35
3565,361683,35
3566,361746,35
3567,361767,35
3568,361788,35
3569,361809,35
3570,361830,35
3571,361851,35
3572,361872,35
3573,361893,35
3574,361914,35
3575,361935,35
3576,361956,35
3577,361977,35
3578,361998,35
3579,362019,35
3580,362082,35
3581,362103,35
3582,362124,35
3583,362145,35
3584,362187,35
3585,362208,35
3586,362250,35
3587,362271,35
3588,362292,35
3589,362313,35
3590,362334,35
3591,362355,35
3592,362376,35
3593,362439,35
3594,362502,35
3595,362523,35
3596,362565,35
3597,362586,35
3598,362607,35
3599,362628,35
3600,362712,35
3601,362754,35
3602,362817,35
3603,362838,35
3604,362859,35
3605,362922,35
3606,362964,35
3607,363006,35
3608,363027,35
3609,363048,35
3610,363069,35
3611,363090,35
3612,363111,35
3613,363153,35
3614,363195,35
3615,363237,35
3616,363258,35
3617,363279,35
3618,363321,35
3619,363342,35
3620,363363,35
3621,363426,35
3622,363489,35
3623,363531,35
3624,363552,35
3625,363573,35
3626,363594,35
3627,363615,35
3628,363657,35
3629,363720,35
3630,363741,35
3631,363783,35
3632,363804,35
3633,363825,35
3634,363909,35
3635,363930,35
3636,363951,35
3637,363993,35
3638,364014,35
3639,364077,35
3640,364098,35
3641,364119,35
3642,364140,35
3643,364161,35
3644,364203,35
3645,364224,35
3646,364245,35
3647,364266,35
3648,364287,35
3649,364308,35
3650,364329,35
3651,364350,35
3652,364371,35
3653,364413,35
3654,364434,35
3655,364476,35
3656,364497,35
3657,364518,35
3658,364539,35
3659,364560,35
3660,364581,35
3661,364602,35
3662,364644,35
3663,364665,35
3664,364707,35
3665,364728,35
3666,364770,35
3667,364791,35
3668,364812,35
3669,364833,35
3670,364854,35
3671,364875,35
3672,364896,35
3673,364917,35
3674,364959,35
3675,365001,35
3676,365022,35
3677,365043,35
3678,365064,35
3679,365085,35
3680,365106,35
3681,365127,35
3682,365148,35
3683,365169,35
3684,365211,35
3685,365232,35
3686,365274,35
3687,365316,35
3688,365337,35
3689,365358,35
3690,365400,35
3691,365442,35
3692,365463,35
3693,365484,31
3694,365505,35
3695,365526,35
3696,365568,35
3697,365589,35
3698,365610,35
3699,365631,35
3700,365652,35
3701,365694,35
3702,365715,35
3703,365736,35
3704,365778,35
3705,365799,35
3706,365820,35
3707,365862,35
3708,365883,35
3709,365925,35
3710,365946,35
3711,365967,35
3712,365988,35
3713,366009,35
3714,366030,35
3715,366051,35
3716,366072,35
3717,366093,35
3718,366114,35
3719,366156,35
3720,366198,35
3721,366240,35
3722,366282,35
3723,366303,5
3724,366324,5
3725,366366,35
3726,366387,35
3727,366429,35
3728,366450,35
3729,366471,35
3730,366513,35
3731,366534,35
3732,366555,35
3733,366576,35
3734,366597,35
3735,366618,35
3736,366639,35
3737,366660,35
3738,366681,35
3739,366702,35
3740,366723,35
3741,366744,35
3742,366786,35
3743,366828,35
3744,366849,35
3745,366870,35
3746,366912,35
3747,366975,35
3748,367080,35
3749,367101,35
3750,367143,35
3751,367206,35
3752,367269,35
3753,367290,35
3754,367311,35
3755,367332,35
3756,367395,35
3757,367416,35
3758,367458,35
3759,367479,35
3760,367500,35
3761,367521,35
3762,367542,35
3763,367563,35
3764,367584,35
3765,367605,35
3766,367626,35
3767,367647,35
3768,367668,15
3769,367689,35
3770,367710,35
3771,367731,35
3772,367752,35
3773,367773,35
3774,367794,35
3775,367815,35
3776,367836,35
3777,367857,35
3778,367899,35
3779,367920,35
3780,367941,35
3781,367962,35
3782,367983,35
3783,368004,35
3784,368025,35
3785,368046,35
3786,368067,35
3787,368088,35
3788,368130,35
3789,368151,35
3790,368214,35
3791,368235,35
3792,368256,35
3793,368277,35
3794,368298,35
3795,368340,35
3796,368382,35
3797,368445,35
3798,368508,35
3799,368529,35
3800,368550,35
3801,368571,35
3802,368592,35
3803,368613,35
3804,368634,35
3805,368655,35
3806,368676,35
3807,368697,35
3808,368760,35
3809,368781,35
3810,368802,35
3811,368844,35
3812,368886,35
3813,368907,35
3814,368949,35
3815,368991,35
3816,369012,35
3817,369033,35
3818,369054,35
3819,369096,35
3820,369138,35
3821,369159,35
3822,369180,35
3823,369201,35
3824,369222,35
3825,369264,35
3826,369285,35
3827,369348,35
3828,369369,35
3829,369390,35
3830,369411,35
3831,369453,35
3832,369474,35
3833,369495,35
3834,369516,35
3835,369537,35
3836,369600,35
3837,369621,35
3838,369642,35
3839,369663,35
3840,369684,35
3841,369768,35
3842,369789,35
3843,369831,35
3844,369852,35
3845,369873,35
3846,369894,35
3847,369915,35
3848,369936,35
3849,369978,35
3850,369999,35
3851,370020,35
3852,370041,35
3853,370083,35
3854,370104,35
3855,370125,35
3856,370188,35
3857,370209,35
3858,370230,35
3859,370251,35
3860,370293,35
3861,370314,35
3862,370356,35
3863,370377,35
3864,370419,35
3865,370440,35
3866,370482,35
3867,370503,35
3868,370524,35
3869,370566,35
3870,370587,35
3871,370608,35
3872,370629,35
3873,370650,35
3874,370671,35
3875,370692,35
3876,370713,35
3877,370734,35
3878,370755,35
3879,370776,35
3880,370818,35
3881,370839,35
3882,370860,35
3883,370923,35
3884,370944,35
3885,370986,35
3886,371007,35
3887,371028,35
3888,371049,35
3889,371070,35
3890,371091,35
3891,371112,35
3892,371133,35
3893,371154,35
3894,371175,35
3895,371196,35
3896,371217,35
3897,371238,35
3898,371259,35
3899,371280,35
3900,371322,35
3901,371364,35
3902,371385,35
3903,371406,35
3904,371490,35
3905,371511,35
3906,371532,35
3907,371553,35
3908,371574,35
3909,371595,35
3910,371616,35
3911,371637,35
3912,371658,35
3913,371700,35
3914,371721,35
3915,371742,35
3916,371763,35
3917,371784,35
3918,371805,35
3919,371826,35
3920,371847,35
3921,371868,35
3922,371889,35
3923,371931,35
3924,371952,35
3925,371994,35
3926,372015,35
3927,372036,35
3928,372078,35
3929,372099,35
3930,372120,35
3931,372162,35
3932,372183,35
3933,372204,35
3934,372225,35
3935,372267,35
3936,372288,35
3937,372330,35
3938,372351,35
3939,372372,35
3940,372393,35
3941,372414,35
3942,372435,35
3943,372456,35
3944,372477,35
3945,372498,35
3946,372519,35
3947,372582,35
3948,372624,35
3949,372666,35
3950,372687,35
3951,372729,35
3952,372750,35
3953,372792,35
3954,372834,35
3955,372897,35
3956,372918,35
3957,372939,35
3958,372960,35
3959,372981,35
3960,373023,35
3961,373044,35
3962,373065,35
3963,373107,35
3964,373128,35
3965,373149,35
3966,373170,35
3967,373191,35
3968,373212,35
3969,373254,35
3970,373275,35
3971,373317,35
3972,373359,35
3973,373401,35
3974,373443,35
3975,373485,35
3976,373506,35
3977,373527,35
3978,373548,35
3979,373569,35
3980,373590,35
3981,373611,35
3982,373653,35
3983,373695,35
3984,373716,35
3985,373737,35
3986,373779,35
3987,373800,35
3988,373842,35
3989,373905,35
3990,373926,35
3991,373989,35
3992,374031,35
3993,374052,35
3994,374073,35
3995,374136,35
3996,374157,35
3997,374199,35
3998,374304,35
3999,374367,35
4000,374388,22
4001,374409,34
4002,374430,35
4003,374451,35
4004,374472,35
4005,374535,35
4006,374556,35
4007,374577,35
4008,374598,35
4009,374619,35
4010,374661,35
4011,374703,35
4012,374724,5
4013,374766,35
4014,374808,35
4015,374829,35
4016,374850,35
4017,374892,35
4018,374934,35
4019,374955,35
4020,374976,35
4021,374997,35
4022,375018,35
4023,375039,35
4024,375060,35
4025,375081,35
4026,375102,35
4027,375123,35
4028,375144,35
4029,375165,35
4030,375186,35
4031,375207,35
4032,375249,35
4033,375270,35
4034,375291,35
4035,375333,35
4036,375354,35
4037,375417,35
4038,375438,35
4039,375459,35
4040,375480,35
4041,375501,35
4042,375543,35
4043,375564,35
4044,375585,35
4045,375606,35
4046,375627,35
4047,375648,35
4048,375669,35
4049,375690,35
4050,375711,35
4051,375732,35
4052,375753,35
4053,375774,35
4054,375795,35
4055,375816,35
4056,375837,35
4057,375858,35
4058,375879,35
4059,375900,35
4060,375921,35
4061,375984,35
4062,376005,35
4063,376026,35
4064,376068,35
4065,376131,35
4066,376152,35
4067,376173,35
4068,376194,35
4069,376257,35
4070,376299,35
4071,376320,35
4072,376341,35
4073,376383,35
4074,376404,35
4075,376425,35
4076,376446,35
4077,376488,35
4078,376509,35
4079,376530,35
4080,376551,35
4081,376572,35
4082,376614,35
4083,376635,35
4084,376656,35
4085,376677,35
4086,376719,35
4087,376740,35
4088,376761,35
4089,376782,35
4090,376866,35
4091,376887,35
4092,376908,35
4093,376929,35
4094,376950,35
4095,376971,35
4096,377034,35
4097,377055,35
4098,377076,35
4099,377097,35
4100,377118,35
4101,377160,35
4102,377181,35
4103,377202,35
4104,377244,35
4105,377265,35
4106,377286,35
4107,377307,35
4108,377328,35
4109,377349,35
4110,377370,35
4111,377412,35
4112,377433,35
4113,377454,35
4114,377475,35
4115,377496,35
4116,377517,35
4117,377538,35
4118,377559,35
4119,377580,35
4120,377664,35
4121,377685,35
4122,377706,35
4123,377727,35
4124,377748,35
4125,377790,35
4126,377811,35
4127,377874,35
4128,377895,35
4129,377937,35
4130,377979,35
4131,378021,35
4132,378084,35
4133,378105,35
4134,378126,35
4135,378168,35
4136,378189,35
4137,378210,35
4138,378231,35
4139,378273,35
4140,378294,35
4141,378315,35
4142,378336,35
4143,378357,35
4144,378378,35
4145,378399,35
4146,378462,35
4147,378504,35
4148,378567,35
4149,378630,35
4150,378672,35
4151,378693,35
4152,378714,35
4153,378735,35
4154,378756,35
4155,378777,35
4156,378840,35
4157,378861,35
4158,378882,35
4159,378903,35
4160,378924,35
4161,378945,35
4162,379008,35
4163,379050,35
4164,379113,35
4165,379155,35
4166,379176,35
4167,379218,35
4168,379239,35
4169,379281,35
4170,379302,35
4171,379344,35
4172,379365,35
4173,379386,35
4174,379407,35
4175,379428,35
4176,379449,35
4177,379491,35
4178,379512,35
4179,379533,35
4180,379554,35
4181,379575,35
4182,379617,35
4183,379638,35
4184,379659,35
4185,379680,35
4186,379701,35
4187,379722,35
4188,379764,35
4189,379785,35
4190,379806,35
4191,379827,35
4192,379848,35
4193,379932,35
4194,379953,35
4195,379974,35
4196,379995,35
4197,380016,35
4198,380037,35
4199,380079,35
4200,380121,35
4201,380142,35
4202,380184,35
4203,380205,35
4204,380226,35
4205,380268,35
4206,380289,35
4207,380310,35
4208,380352,35
4209,380373,35
4210,380394,35
4211,380436,35
4212,380457,35
4213,380478,35
4214,380499,35
4215,380520,35
4216,380541,35
4217,380562,35
4218,380583,35
4219,380625,35
4220,380646,35
4221,380667,35
4222,380709,35
4223,380730,35
4224,380793,35
4225,380835,35
4226,380856,35
4227,380898,35
4228,380919,35
4229,380982,35
4230,381003,35
4231,381024,35
4232,381045,35
4233,381066,35
4234,381087,35
4235,381129,35
4236,381150,35
4237,381171,35
4238,381234,35
4239,381255,35
4240,381276,35
4241,381318,35
4242,381339,35
4243,381360,35
4244,381381,35
4245,381444,35
4246,381465,35
4247,381507,35
4248,381528,35
4249,381549,35
4250,381570,35
4251,381591,35
4252,381612,35
4253,381633,35
4254,381654,35
4255,381696,35
4256,381717,35
4257,381738,35
4258,381759,35
4259,381780,35
4260,381801,35
4261,381843,35
4262,381864,35
4263,381885,35
4264,381948,35
4265,381969,35
4266,381990,35
4267,382011,35
4268,382032,35
4269,382053,35
4270,382074,35
4271,382116,35
4272,382158,35
4273,382200,35
4274,382242,35
4275,382263,35
4276,382284,35
4277,382305,35
4278,382389,35
4279,382410,35
4280,382431,35
4281,382452,35
4282,382473,35
4283,382515,35
4284,382536,35
4285,382557,35
4286,382578,35
4287,382599,35
4288,382620,35
4289,382641,35
4290,382662,35
4291,382683,35
4292,382704,35
4293,382725,35
4294,382746,35
4295,382767,35
4296,382788,35
4297,382809,35
4298,382830,35
4299,382851,35
4300,382872,35
4301,382893,35
4302,382935,35
4303,382956,35
4304,382977,35
4305,383019,35
4306,383040,35
4307,383061,35
4308,383082,35
4309,383145,35
4310,383166,35
4311,383208,35
4312,383229,35
4313,383250,35
4314,383271,35
4315,383292,35
4316,383355,35
4317,383397,35
4318,383439,35
4319,383460,35
4320,383481,35
4321,383502,35
4322,383523,35
4323,383565,35
4324,383628,35
4325,383649,35
4326,383670,35
4327,383712,35
4328,383733,35
4329,383754,35
4330,383796,35
4331,383817,35
4332,383838,35
4333,383880,35
4334,383901,35
4335,383922,35
4336,383943,35
4337,384027,35
